{"cameraMode":{"drawMode":0,"name":"Shaded","section":"Shading Mode"},"sceneLighting":true,"audioPlay":false,"sceneViewState":{"m_AlwaysRefresh":false,"showFog":true,"showSkybox":true,"showFlares":true,"showImageEffects":true,"showParticleSystems":true,"showVisualEffectGraphs":true,"m_FxEnabled":true},"in2DMode":false,"pivot":{"x":13.330954551696778,"y":4.661498546600342,"z":13.862892150878907},"rotation":{"x":-0.12031739205121994,"y":-0.07205179333686829,"z":0.008729390799999237,"w":-0.990225613117218},"size":31.93376350402832,"orthographic":false}